Sitemap,Date,Total URLs,New URLs,URL Hash
definitions,2024-08-06,100,1,8d319cac47c21a349be4c2d34b034f69
dotfiles,2024-08-06,152,8,6390ecf9a35f79f37e950411334aa911
definitions,2024-08-11,105,5,9d319cac47c21a349be4c2d34b034f69
dotfiles,2024-08-11,157,5,dfb5bd1338e0c15e6db424682a618745
definitions,2024-08-18,105,0,9d319cac47c21a349be4c2d34b034f69
dotfiles,2024-08-18,159,2,dfb5bd1338e0c15e6db424682a618745
definitions,2024-08-25,105,0,9d319cac47c21a349be4c2d34b034f69
dotfiles,2024-08-25,161,2,ea24c1f2ff82751134ddafea1bc9dc5d
definitions,2024-09-01,107,2,61862449c15c5fad499ca1fb886d6b6b
dotfiles,2024-09-01,164,3,df53dba5ed6f2e9ce99afdcff6bfd616
changelog,2024-09-01,27,27,902e0a8ed21306cdb882cc5d915751fe
definitions,2024-09-08,108,1,0360990868792abe949b528bb42ed697
dotfiles,2024-09-08,166,2,5b8b371bcade0b3cf6ccf3f613b88246
changelog,2024-09-08,28,1,85822ee51fae57406adbc6f59068911c
updates,2024-09-08,6,6,f00517e35f7e5e0171b2ff4966ed9acc
definitions,2024-09-15,108,0,0360990868792abe949b528bb42ed697
dotfiles,2024-09-15,173,7,9ac84da11d3ce4d125ae2d116f8f0ae5
changelog,2024-09-15,30,2,f3923d7dd8f9af252d76b831b91d6f3b
updates,2024-09-15,10,4,f3649ad5ca38fc0bc163102a98fd31ff
definitions,2024-09-22,108,0,0360990868792abe949b528bb42ed697
dotfiles,2024-09-22,174,1,c5384b5e61a119cba721195d55e4a7d6
changelog,2024-09-22,33,3,97df37bc9cfb5696183d7ea0c9d49348
updates,2024-09-22,10,0,f3649ad5ca38fc0bc163102a98fd31ff
